Resume,Score
sample_resume1.pdf,0.2573069714777299
sample_resume5.pdf,0.24776841071345018
sample_resume2.pdf,0.2472573805325038
sample_resume6.pdf,0.2395093753987719
sample_resume3.pdf,0.22855980238679435
sample_resume4.pdf,0.20694374117693934
